repo,violations
ByronWilliamsCPA/llc-manager,0
ByronWilliamsCPA/homelab-infra,0
ByronWilliamsCPA/python-libs,0
ByronWilliamsCPA/rag-processor,0
ByronWilliamsCPA/cookiecutter-python-template,0
ByronWilliamsCPA/cookiecutter-template-sample,4
ByronWilliamsCPA/audio-processor,0
ByronWilliamsCPA/gleif,0
ByronWilliamsCPA/fragrance-rater,0
ByronWilliamsCPA/family-office-portal,0
ByronWilliamsCPA/DeQA-Doc,0
ByronWilliamsCPA/taxdome,0
ByronWilliamsCPA/reference-library,0
ByronWilliamsCPA/xero-crypto,1
ByronWilliamsCPA/maester-tests,0
ByronWilliamsCPA/Unify,6
williaby/PromptCraft,60
williaby/image-preprocessing-detector,4
williaby/image-generation,0
williaby/dna,8
williaby/data_ingestor,2
williaby/xero-practice-management,0
williaby/superslicer-configs,0
williaby/OPNSense,0
williaby/OPNS,0
williaby/monte_carlo,0
williaby/LifeSphere,0
williaby/library,0
williaby/klipper-octoprint-configs,0
williaby/FISProject,4
williaby/family_office,0
williaby/CR-10-,0
williaby/backpacking,0
williaby/ledgerbase,76
williaby/zen-mcp-server,28
williaby/pp-security-master,0
williaby/GCS,0
williaby/exercise-competition,8
williaby/dart-frog-paludarium,0
williaby/testing,5
williaby/homelab-agent-configs,0
